{
  "vin": "VF3CA5FV8CW100632",
  "services": {
    "mdercz03": [
      {
        "name": "Stolen Vehicle Immobilisation",
        "code": "BTA3221235",
        "operators": [
          "PSA"
        ],
        "mqtt_service": "Stolen"
      },
      {
        "name": "Stolen Vehicle Tracking",
        "code": "BTA3221234",
        "operators": [
          "PSA"
        ],
        "mqtt_service": "Stolen"
      }
    ],
    "BTA_PGT_308_mkII_24F3F244232": [
      {
        "name": "Remote Alarm",
        "code": "BTA3221236",
        "operators": [
          "PSA"
        ],
        "mqtt_service": "Stolen"
      }
    ]
  }
}