{
  "scope": [
    "psaCustomerId",
    "psaMqttService"
  ],
  "grant_type": "password",
  "realm": "/clientsB2COTP",
  "token_type": "Bearer",
  "expires_in": "119",
  "access_token": "ef7a7628-06ab-47bb-a110-b058270b6c80",
  "customer_id": "mdemmx03",
  "services": {
    "VF3CA5FV8CW100632": {
      "mdercz03": [{
        "name": "Stolen Vehicle Immobilisation",
        "code": "BTA3221235",
        "operators": [
          "PSA"
        ],
        "mqtt_service": "Stolen"
      }, {
        "name": "Stolen Vehicle Tracking",
        "code": "BTA3221234",
        "operators": [
          "PSA"
        ],
        "mqtt_service": "Stolen"
      }, {
        "name": "Remote Alarm",
        "code": "BTA3221236",
        "operators": [
          "PSA"
        ],
        "mqtt_service": "Remote"
      }, {
        "name": "Remote Doors Lock/Unlock",
        "code": "BTA3221237",
        "operators": [
          "PSA"
        ],
        "mqtt_service": "Remote"
      }, {
        "name": "Help to find remotely a parked car with horn",
        "code": "BTA3221238",
        "operators": [
          "PSA"
        ],
        "mqtt_service": "Remote"
      }, {
        "name": "Help to find remotely a parked car with lights",
        "code": "BTA3221239",
        "operators": [
          "PSA"
        ],
        "mqtt_service": "Remote"
      }],
      "UIN00APK000000000463": [{
        "name": "Autre service",
        "code": "AutreBoitier31236",
        "operators": [
          "PSA"
        ],
        "mqtt_service": "Autre_service"
      }]
    }
  }
}