{
  "vin": "VF123456789123456",
  "services": {
    "mdercz05": [
      {
        "name": "Remote Alarm",
        "code": "BTA3221236",
        "operators": [
          "PSA"
        ],
        "mqtt_service": "Remote"
      },
      {
        "name": "Remote Doors Lock/Unlock",
        "code": "BTA3221237",
        "operators": [
          "PSA"
        ],
        "mqtt_service": "Remote"
      },
      {
        "name": "Help to find remotely a parked car with horn",
        "code": "BTA3221238",
        "operators": [
          "PSA"
        ],
        "mqtt_service": "Remote"
      },
      {
        "name": "Help to find remotely a parked car with lights",
        "code": "BTA3221239",
        "operators": [
          "PSA"
        ],
        "mqtt_service": "Remote"
      }
    ]
  }
}