{
  "instance01": [
    {
      "serverURIs": [
        "tcp://10.204.200.97:1883"
      ],
      "topics": [
        "$share/rcz00/psa/RemoteServices/from/uid/+/Horn",
        "$share/rcz00/psa/RemoteServices/from/cid/+/Horn",
        "$share/rcz00/psa/RemoteServices/from/uid/+/Doors",
        "$share/rcz00/psa/RemoteServices/from/cid/+/Doors",
        "$share/rcz00/psa/RemoteServices/from/uid/+/Lights",
        "$share/rcz00/psa/RemoteServices/from/cid/+/Lights",
        "$share/rcz00/psa/RemoteServices/from/uid/+/VehicleState",
        "$share/rcz00/psa/RemoteServices/from/cid/+/VehicleState",
        "$share/rcz00/psa/Stolen/from/uid/+/VehicleState",
        "$share/rcz00/psa/RemoteServices/from/uid/+/RequestState",
        "$share/rcz00/psa/RemoteServices/from/cid/+/RequestState",
        "$share/rcz00/psa/RemoteServices/from/uin/+/RemoteAlarm",
        "$share/rcz00/psa/RemoteServices/to/uid/mdercz00/RemoteAlarm",
        "$share/rcz00/psa/RemoteServices/from/uin/+/MotionAlert",
        "$share/rcz00/psa/Stolen/from/uid/+/StolenVIN",
        "$share/rcz00/psa/Stolen/from/uid/+/Tracking",
        "$share/rcz00/psa/Stolen/from/uid/+/Immobilization",
        "$share/rcz00/psa/Stolen/from/uin/+/ImmoData",
        "$share/rcz00/psa/RemoteServices/from/uid/+/VehCharge",
        "$share/rcz00/psa/RemoteServices/from/cid/+/VehCharge",
        "$share/rcz00/psa/RemoteServices/from/uid/+/VehCharge/state",
        "$share/rcz00/psa/RemoteServices/from/cid/+/VehCharge/state",
        "$share/rcz00/psa/RemoteServices/from/uid/+/ThermalPrecond",
        "$share/rcz00/psa/RemoteServices/from/cid/+/ThermalPrecond",
        "$share/rcz00/psa/RemoteServices/from/uin/+/ServiceState",
        "$share/rcz00/psa/RemoteServices/from/uid/+/LowPowerInfo",
        "$share/rcz00/psa/RemoteServices/from/cid/+/LowPowerInfo",
        "$share/rcz00/psa/Stolen/from/uid/+/LowPowerInfo",
        "$share/rcz00/psa/VehicleTracking/from/#",
        "$share/rcz00/psa/Stolen/from/uin/+/Response",
        "$share/rcz00/psa/RemoteServices/from/uin/+/Response",
        "$share/rcz00/psa/RemoteServices/from/uin/+/VehInfo",
        "$share/rcz00/psa/RemoteServices/from/uin/+/LowPowerInfo",
        "$SYS/LOG/INFO/CLIENT/+/CLIENT_CLIENT_CONNECT_MQTT/#",
        "$SYS/LOG/INFO/CLIENT/+/CLIENT_CLIENT_DISCONNECT_MQTT/#"
      ],
      "connected": true,
      "reconnectionInterval": 5,
      "keepAliveInterval": 60,
      "cleanSession": true,
      "mqttVersion": 0,
      "connectionTimeout": 30,
      "poolCoreSize": 4,
      "poolMaxSize": 4,
      "poolQueueSize": 500,
      "poolKeepAlive": 60
    },
    {
      "serverURIs": [
        "tcp://10.204.200.97:1883"
      ],
      "topics": [
        "$share/rcz00/psa/RemoteServices/from/uid/+/Horn",
        "$share/rcz00/psa/RemoteServices/from/cid/+/Horn",
        "$share/rcz00/psa/RemoteServices/from/uid/+/Doors",
        "$share/rcz00/psa/RemoteServices/from/cid/+/Doors",
        "$share/rcz00/psa/RemoteServices/from/uid/+/Lights",
        "$share/rcz00/psa/RemoteServices/from/cid/+/Lights",
        "$share/rcz00/psa/RemoteServices/from/uid/+/VehicleState",
        "$share/rcz00/psa/RemoteServices/from/cid/+/VehicleState",
        "$share/rcz00/psa/Stolen/from/uid/+/VehicleState",
        "$share/rcz00/psa/RemoteServices/from/uid/+/RequestState",
        "$share/rcz00/psa/RemoteServices/from/cid/+/RequestState",
        "$share/rcz00/psa/RemoteServices/from/uin/+/RemoteAlarm",
        "$share/rcz00/psa/RemoteServices/to/uid/mdercz00/RemoteAlarm",
        "$share/rcz00/psa/RemoteServices/from/uin/+/MotionAlert",
        "$share/rcz00/psa/Stolen/from/uid/+/StolenVIN",
        "$share/rcz00/psa/Stolen/from/uid/+/Tracking",
        "$share/rcz00/psa/Stolen/from/uid/+/Immobilization",
        "$share/rcz00/psa/Stolen/from/uin/+/ImmoData",
        "$share/rcz00/psa/RemoteServices/from/uid/+/VehCharge",
        "$share/rcz00/psa/RemoteServices/from/cid/+/VehCharge",
        "$share/rcz00/psa/RemoteServices/from/uid/+/VehCharge/state",
        "$share/rcz00/psa/RemoteServices/from/cid/+/VehCharge/state",
        "$share/rcz00/psa/RemoteServices/from/uid/+/ThermalPrecond",
        "$share/rcz00/psa/RemoteServices/from/cid/+/ThermalPrecond",
        "$share/rcz00/psa/RemoteServices/from/uin/+/ServiceState",
        "$share/rcz00/psa/RemoteServices/from/uid/+/LowPowerInfo",
        "$share/rcz00/psa/RemoteServices/from/cid/+/LowPowerInfo",
        "$share/rcz00/psa/Stolen/from/uid/+/LowPowerInfo",
        "$share/rcz00/psa/VehicleTracking/from/#",
        "$share/rcz00/psa/Stolen/from/uin/+/Response",
        "$share/rcz00/psa/RemoteServices/from/uin/+/Response",
        "$share/rcz00/psa/RemoteServices/from/uin/+/VehInfo",
        "$share/rcz00/psa/RemoteServices/from/uin/+/LowPowerInfo",
        "$SYS/LOG/INFO/CLIENT/+/CLIENT_CLIENT_CONNECT_MQTT/#",
        "$SYS/LOG/INFO/CLIENT/+/CLIENT_CLIENT_DISCONNECT_MQTT/#"
      ],
      "connected": true,
      "reconnectionInterval": 5,
      "keepAliveInterval": 60,
      "cleanSession": true,
      "mqttVersion": 0,
      "connectionTimeout": 30,
      "poolCoreSize": 4,
      "poolMaxSize": 4,
      "poolQueueSize": 500,
      "poolKeepAlive": 60
    },
    {
      "serverURIs": [
        "tcp://10.204.200.97:1883"
      ],
      "topics": [
        "$share/rcz00/psa/RemoteServices/from/uid/+/Horn",
        "$share/rcz00/psa/RemoteServices/from/cid/+/Horn",
        "$share/rcz00/psa/RemoteServices/from/uid/+/Doors",
        "$share/rcz00/psa/RemoteServices/from/cid/+/Doors",
        "$share/rcz00/psa/RemoteServices/from/uid/+/Lights",
        "$share/rcz00/psa/RemoteServices/from/cid/+/Lights",
        "$share/rcz00/psa/RemoteServices/from/uid/+/VehicleState",
        "$share/rcz00/psa/RemoteServices/from/cid/+/VehicleState",
        "$share/rcz00/psa/Stolen/from/uid/+/VehicleState",
        "$share/rcz00/psa/RemoteServices/from/uid/+/RequestState",
        "$share/rcz00/psa/RemoteServices/from/cid/+/RequestState",
        "$share/rcz00/psa/RemoteServices/from/uin/+/RemoteAlarm",
        "$share/rcz00/psa/RemoteServices/to/uid/mdercz00/RemoteAlarm",
        "$share/rcz00/psa/RemoteServices/from/uin/+/MotionAlert",
        "$share/rcz00/psa/Stolen/from/uid/+/StolenVIN",
        "$share/rcz00/psa/Stolen/from/uid/+/Tracking",
        "$share/rcz00/psa/Stolen/from/uid/+/Immobilization",
        "$share/rcz00/psa/Stolen/from/uin/+/ImmoData",
        "$share/rcz00/psa/RemoteServices/from/uid/+/VehCharge",
        "$share/rcz00/psa/RemoteServices/from/cid/+/VehCharge",
        "$share/rcz00/psa/RemoteServices/from/uid/+/VehCharge/state",
        "$share/rcz00/psa/RemoteServices/from/cid/+/VehCharge/state",
        "$share/rcz00/psa/RemoteServices/from/uid/+/ThermalPrecond",
        "$share/rcz00/psa/RemoteServices/from/cid/+/ThermalPrecond",
        "$share/rcz00/psa/RemoteServices/from/uin/+/ServiceState",
        "$share/rcz00/psa/RemoteServices/from/uid/+/LowPowerInfo",
        "$share/rcz00/psa/RemoteServices/from/cid/+/LowPowerInfo",
        "$share/rcz00/psa/Stolen/from/uid/+/LowPowerInfo",
        "$share/rcz00/psa/VehicleTracking/from/#",
        "$share/rcz00/psa/Stolen/from/uin/+/Response",
        "$share/rcz00/psa/RemoteServices/from/uin/+/Response",
        "$share/rcz00/psa/RemoteServices/from/uin/+/VehInfo",
        "$share/rcz00/psa/RemoteServices/from/uin/+/LowPowerInfo",
        "$SYS/LOG/INFO/CLIENT/+/CLIENT_CLIENT_CONNECT_MQTT/#",
        "$SYS/LOG/INFO/CLIENT/+/CLIENT_CLIENT_DISCONNECT_MQTT/#"
      ],
      "connected": true,
      "reconnectionInterval": 5,
      "keepAliveInterval": 60,
      "cleanSession": true,
      "mqttVersion": 0,
      "connectionTimeout": 30,
      "poolCoreSize": 4,
      "poolMaxSize": 4,
      "poolQueueSize": 500,
      "poolKeepAlive": 60
    },
    {
      "serverURIs": [
        "tcp://10.204.200.97:1883"
      ],
      "topics": [
        "$share/rcz00/psa/RemoteServices/from/uid/+/Horn",
        "$share/rcz00/psa/RemoteServices/from/cid/+/Horn",
        "$share/rcz00/psa/RemoteServices/from/uid/+/Doors",
        "$share/rcz00/psa/RemoteServices/from/cid/+/Doors",
        "$share/rcz00/psa/RemoteServices/from/uid/+/Lights",
        "$share/rcz00/psa/RemoteServices/from/cid/+/Lights",
        "$share/rcz00/psa/RemoteServices/from/uid/+/VehicleState",
        "$share/rcz00/psa/RemoteServices/from/cid/+/VehicleState",
        "$share/rcz00/psa/Stolen/from/uid/+/VehicleState",
        "$share/rcz00/psa/RemoteServices/from/uid/+/RequestState",
        "$share/rcz00/psa/RemoteServices/from/cid/+/RequestState",
        "$share/rcz00/psa/RemoteServices/from/uin/+/RemoteAlarm",
        "$share/rcz00/psa/RemoteServices/to/uid/mdercz00/RemoteAlarm",
        "$share/rcz00/psa/RemoteServices/from/uin/+/MotionAlert",
        "$share/rcz00/psa/Stolen/from/uid/+/StolenVIN",
        "$share/rcz00/psa/Stolen/from/uid/+/Tracking",
        "$share/rcz00/psa/Stolen/from/uid/+/Immobilization",
        "$share/rcz00/psa/Stolen/from/uin/+/ImmoData",
        "$share/rcz00/psa/RemoteServices/from/uid/+/VehCharge",
        "$share/rcz00/psa/RemoteServices/from/cid/+/VehCharge",
        "$share/rcz00/psa/RemoteServices/from/uid/+/VehCharge/state",
        "$share/rcz00/psa/RemoteServices/from/cid/+/VehCharge/state",
        "$share/rcz00/psa/RemoteServices/from/uid/+/ThermalPrecond",
        "$share/rcz00/psa/RemoteServices/from/cid/+/ThermalPrecond",
        "$share/rcz00/psa/RemoteServices/from/uin/+/ServiceState",
        "$share/rcz00/psa/RemoteServices/from/uid/+/LowPowerInfo",
        "$share/rcz00/psa/RemoteServices/from/cid/+/LowPowerInfo",
        "$share/rcz00/psa/Stolen/from/uid/+/LowPowerInfo",
        "$share/rcz00/psa/VehicleTracking/from/#",
        "$share/rcz00/psa/Stolen/from/uin/+/Response",
        "$share/rcz00/psa/RemoteServices/from/uin/+/Response",
        "$share/rcz00/psa/RemoteServices/from/uin/+/VehInfo",
        "$share/rcz00/psa/RemoteServices/from/uin/+/LowPowerInfo",
        "$SYS/LOG/INFO/CLIENT/+/CLIENT_CLIENT_CONNECT_MQTT/#",
        "$SYS/LOG/INFO/CLIENT/+/CLIENT_CLIENT_DISCONNECT_MQTT/#"
      ],
      "connected": true,
      "reconnectionInterval": 5,
      "keepAliveInterval": 60,
      "cleanSession": true,
      "mqttVersion": 0,
      "connectionTimeout": 30,
      "poolCoreSize": 4,
      "poolMaxSize": 4,
      "poolQueueSize": 500,
      "poolKeepAlive": 60
    },
    {
      "serverURIs": [
        "tcp://10.204.200.97:1883"
      ],
      "topics": [
        "$share/rcz00/psa/RemoteServices/from/uid/+/Horn",
        "$share/rcz00/psa/RemoteServices/from/cid/+/Horn",
        "$share/rcz00/psa/RemoteServices/from/uid/+/Doors",
        "$share/rcz00/psa/RemoteServices/from/cid/+/Doors",
        "$share/rcz00/psa/RemoteServices/from/uid/+/Lights",
        "$share/rcz00/psa/RemoteServices/from/cid/+/Lights",
        "$share/rcz00/psa/RemoteServices/from/uid/+/VehicleState",
        "$share/rcz00/psa/RemoteServices/from/cid/+/VehicleState",
        "$share/rcz00/psa/Stolen/from/uid/+/VehicleState",
        "$share/rcz00/psa/RemoteServices/from/uid/+/RequestState",
        "$share/rcz00/psa/RemoteServices/from/cid/+/RequestState",
        "$share/rcz00/psa/RemoteServices/from/uin/+/RemoteAlarm",
        "$share/rcz00/psa/RemoteServices/to/uid/mdercz00/RemoteAlarm",
        "$share/rcz00/psa/RemoteServices/from/uin/+/MotionAlert",
        "$share/rcz00/psa/Stolen/from/uid/+/StolenVIN",
        "$share/rcz00/psa/Stolen/from/uid/+/Tracking",
        "$share/rcz00/psa/Stolen/from/uid/+/Immobilization",
        "$share/rcz00/psa/Stolen/from/uin/+/ImmoData",
        "$share/rcz00/psa/RemoteServices/from/uid/+/VehCharge",
        "$share/rcz00/psa/RemoteServices/from/cid/+/VehCharge",
        "$share/rcz00/psa/RemoteServices/from/uid/+/VehCharge/state",
        "$share/rcz00/psa/RemoteServices/from/cid/+/VehCharge/state",
        "$share/rcz00/psa/RemoteServices/from/uid/+/ThermalPrecond",
        "$share/rcz00/psa/RemoteServices/from/cid/+/ThermalPrecond",
        "$share/rcz00/psa/RemoteServices/from/uin/+/ServiceState",
        "$share/rcz00/psa/RemoteServices/from/uid/+/LowPowerInfo",
        "$share/rcz00/psa/RemoteServices/from/cid/+/LowPowerInfo",
        "$share/rcz00/psa/Stolen/from/uid/+/LowPowerInfo",
        "$share/rcz00/psa/VehicleTracking/from/#",
        "$share/rcz00/psa/Stolen/from/uin/+/Response",
        "$share/rcz00/psa/RemoteServices/from/uin/+/Response",
        "$share/rcz00/psa/RemoteServices/from/uin/+/VehInfo",
        "$share/rcz00/psa/RemoteServices/from/uin/+/LowPowerInfo",
        "$SYS/LOG/INFO/CLIENT/+/CLIENT_CLIENT_CONNECT_MQTT/#",
        "$SYS/LOG/INFO/CLIENT/+/CLIENT_CLIENT_DISCONNECT_MQTT/#"
      ],
      "connected": false,
      "reconnectionInterval": 5,
      "keepAliveInterval": 60,
      "cleanSession": true,
      "mqttVersion": 0,
      "connectionTimeout": 30,
      "poolCoreSize": 4,
      "poolMaxSize": 4,
      "poolQueueSize": 500,
      "poolKeepAlive": 60
    },
    {
      "serverURIs": [
        "tcp://10.204.200.97:1883"
      ],
      "topics": [
        "$share/rcz00/psa/RemoteServices/from/uid/+/Horn",
        "$share/rcz00/psa/RemoteServices/from/cid/+/Horn",
        "$share/rcz00/psa/RemoteServices/from/uid/+/Doors",
        "$share/rcz00/psa/RemoteServices/from/cid/+/Doors",
        "$share/rcz00/psa/RemoteServices/from/uid/+/Lights",
        "$share/rcz00/psa/RemoteServices/from/cid/+/Lights",
        "$share/rcz00/psa/RemoteServices/from/uid/+/VehicleState",
        "$share/rcz00/psa/RemoteServices/from/cid/+/VehicleState",
        "$share/rcz00/psa/Stolen/from/uid/+/VehicleState",
        "$share/rcz00/psa/RemoteServices/from/uid/+/RequestState",
        "$share/rcz00/psa/RemoteServices/from/cid/+/RequestState",
        "$share/rcz00/psa/RemoteServices/from/uin/+/RemoteAlarm",
        "$share/rcz00/psa/RemoteServices/to/uid/mdercz00/RemoteAlarm",
        "$share/rcz00/psa/RemoteServices/from/uin/+/MotionAlert",
        "$share/rcz00/psa/Stolen/from/uid/+/StolenVIN",
        "$share/rcz00/psa/Stolen/from/uid/+/Tracking",
        "$share/rcz00/psa/Stolen/from/uid/+/Immobilization",
        "$share/rcz00/psa/Stolen/from/uin/+/ImmoData",
        "$share/rcz00/psa/RemoteServices/from/uid/+/VehCharge",
        "$share/rcz00/psa/RemoteServices/from/cid/+/VehCharge",
        "$share/rcz00/psa/RemoteServices/from/uid/+/VehCharge/state",
        "$share/rcz00/psa/RemoteServices/from/cid/+/VehCharge/state",
        "$share/rcz00/psa/RemoteServices/from/uid/+/ThermalPrecond",
        "$share/rcz00/psa/RemoteServices/from/cid/+/ThermalPrecond",
        "$share/rcz00/psa/RemoteServices/from/uin/+/ServiceState",
        "$share/rcz00/psa/RemoteServices/from/uid/+/LowPowerInfo",
        "$share/rcz00/psa/RemoteServices/from/cid/+/LowPowerInfo",
        "$share/rcz00/psa/Stolen/from/uid/+/LowPowerInfo",
        "$share/rcz00/psa/VehicleTracking/from/#",
        "$share/rcz00/psa/Stolen/from/uin/+/Response",
        "$share/rcz00/psa/RemoteServices/from/uin/+/Response",
        "$share/rcz00/psa/RemoteServices/from/uin/+/VehInfo",
        "$share/rcz00/psa/RemoteServices/from/uin/+/LowPowerInfo",
        "$SYS/LOG/INFO/CLIENT/+/CLIENT_CLIENT_CONNECT_MQTT/#",
        "$SYS/LOG/INFO/CLIENT/+/CLIENT_CLIENT_DISCONNECT_MQTT/#"
      ],
      "connected": true,
      "reconnectionInterval": 5,
      "keepAliveInterval": 60,
      "cleanSession": true,
      "mqttVersion": 0,
      "connectionTimeout": 30,
      "poolCoreSize": 4,
      "poolMaxSize": 4,
      "poolQueueSize": 500,
      "poolKeepAlive": 60
    },
    {
      "serverURIs": [
        "tcp://10.204.200.97:1883"
      ],
      "topics": [
        "$share/rcz00/psa/RemoteServices/from/uid/+/Horn",
        "$share/rcz00/psa/RemoteServices/from/cid/+/Horn",
        "$share/rcz00/psa/RemoteServices/from/uid/+/Doors",
        "$share/rcz00/psa/RemoteServices/from/cid/+/Doors",
        "$share/rcz00/psa/RemoteServices/from/uid/+/Lights",
        "$share/rcz00/psa/RemoteServices/from/cid/+/Lights",
        "$share/rcz00/psa/RemoteServices/from/uid/+/VehicleState",
        "$share/rcz00/psa/RemoteServices/from/cid/+/VehicleState",
        "$share/rcz00/psa/Stolen/from/uid/+/VehicleState",
        "$share/rcz00/psa/RemoteServices/from/uid/+/RequestState",
        "$share/rcz00/psa/RemoteServices/from/cid/+/RequestState",
        "$share/rcz00/psa/RemoteServices/from/uin/+/RemoteAlarm",
        "$share/rcz00/psa/RemoteServices/to/uid/mdercz00/RemoteAlarm",
        "$share/rcz00/psa/RemoteServices/from/uin/+/MotionAlert",
        "$share/rcz00/psa/Stolen/from/uid/+/StolenVIN",
        "$share/rcz00/psa/Stolen/from/uid/+/Tracking",
        "$share/rcz00/psa/Stolen/from/uid/+/Immobilization",
        "$share/rcz00/psa/Stolen/from/uin/+/ImmoData",
        "$share/rcz00/psa/RemoteServices/from/uid/+/VehCharge",
        "$share/rcz00/psa/RemoteServices/from/cid/+/VehCharge",
        "$share/rcz00/psa/RemoteServices/from/uid/+/VehCharge/state",
        "$share/rcz00/psa/RemoteServices/from/cid/+/VehCharge/state",
        "$share/rcz00/psa/RemoteServices/from/uid/+/ThermalPrecond",
        "$share/rcz00/psa/RemoteServices/from/cid/+/ThermalPrecond",
        "$share/rcz00/psa/RemoteServices/from/uin/+/ServiceState",
        "$share/rcz00/psa/RemoteServices/from/uid/+/LowPowerInfo",
        "$share/rcz00/psa/RemoteServices/from/cid/+/LowPowerInfo",
        "$share/rcz00/psa/Stolen/from/uid/+/LowPowerInfo",
        "$share/rcz00/psa/VehicleTracking/from/#",
        "$share/rcz00/psa/Stolen/from/uin/+/Response",
        "$share/rcz00/psa/RemoteServices/from/uin/+/Response",
        "$share/rcz00/psa/RemoteServices/from/uin/+/VehInfo",
        "$share/rcz00/psa/RemoteServices/from/uin/+/LowPowerInfo",
        "$SYS/LOG/INFO/CLIENT/+/CLIENT_CLIENT_CONNECT_MQTT/#",
        "$SYS/LOG/INFO/CLIENT/+/CLIENT_CLIENT_DISCONNECT_MQTT/#"
      ],
      "connected": false,
      "reconnectionInterval": 5,
      "keepAliveInterval": 60,
      "cleanSession": true,
      "mqttVersion": 0,
      "connectionTimeout": 30,
      "poolCoreSize": 4,
      "poolMaxSize": 4,
      "poolQueueSize": 500,
      "poolKeepAlive": 60
    },
    {
      "serverURIs": [
        "tcp://10.204.200.97:1883"
      ],
      "topics": [
        "$share/rcz00/psa/RemoteServices/from/uid/+/Horn",
        "$share/rcz00/psa/RemoteServices/from/cid/+/Horn",
        "$share/rcz00/psa/RemoteServices/from/uid/+/Doors",
        "$share/rcz00/psa/RemoteServices/from/cid/+/Doors",
        "$share/rcz00/psa/RemoteServices/from/uid/+/Lights",
        "$share/rcz00/psa/RemoteServices/from/cid/+/Lights",
        "$share/rcz00/psa/RemoteServices/from/uid/+/VehicleState",
        "$share/rcz00/psa/RemoteServices/from/cid/+/VehicleState",
        "$share/rcz00/psa/Stolen/from/uid/+/VehicleState",
        "$share/rcz00/psa/RemoteServices/from/uid/+/RequestState",
        "$share/rcz00/psa/RemoteServices/from/cid/+/RequestState",
        "$share/rcz00/psa/RemoteServices/from/uin/+/RemoteAlarm",
        "$share/rcz00/psa/RemoteServices/to/uid/mdercz00/RemoteAlarm",
        "$share/rcz00/psa/RemoteServices/from/uin/+/MotionAlert",
        "$share/rcz00/psa/Stolen/from/uid/+/StolenVIN",
        "$share/rcz00/psa/Stolen/from/uid/+/Tracking",
        "$share/rcz00/psa/Stolen/from/uid/+/Immobilization",
        "$share/rcz00/psa/Stolen/from/uin/+/ImmoData",
        "$share/rcz00/psa/RemoteServices/from/uid/+/VehCharge",
        "$share/rcz00/psa/RemoteServices/from/cid/+/VehCharge",
        "$share/rcz00/psa/RemoteServices/from/uid/+/VehCharge/state",
        "$share/rcz00/psa/RemoteServices/from/cid/+/VehCharge/state",
        "$share/rcz00/psa/RemoteServices/from/uid/+/ThermalPrecond",
        "$share/rcz00/psa/RemoteServices/from/cid/+/ThermalPrecond",
        "$share/rcz00/psa/RemoteServices/from/uin/+/ServiceState",
        "$share/rcz00/psa/RemoteServices/from/uid/+/LowPowerInfo",
        "$share/rcz00/psa/RemoteServices/from/cid/+/LowPowerInfo",
        "$share/rcz00/psa/Stolen/from/uid/+/LowPowerInfo",
        "$share/rcz00/psa/VehicleTracking/from/#",
        "$share/rcz00/psa/Stolen/from/uin/+/Response",
        "$share/rcz00/psa/RemoteServices/from/uin/+/Response",
        "$share/rcz00/psa/RemoteServices/from/uin/+/VehInfo",
        "$share/rcz00/psa/RemoteServices/from/uin/+/LowPowerInfo",
        "$SYS/LOG/INFO/CLIENT/+/CLIENT_CLIENT_CONNECT_MQTT/#",
        "$SYS/LOG/INFO/CLIENT/+/CLIENT_CLIENT_DISCONNECT_MQTT/#"
      ],
      "connected": true,
      "reconnectionInterval": 5,
      "keepAliveInterval": 60,
      "cleanSession": true,
      "mqttVersion": 0,
      "connectionTimeout": 30,
      "poolCoreSize": 4,
      "poolMaxSize": 4,
      "poolQueueSize": 500,
      "poolKeepAlive": 60
    },
    {
      "serverURIs": [
        "tcp://10.204.200.97:1883"
      ],
      "topics": [
        "$share/rcz00/psa/RemoteServices/from/uid/+/Horn",
        "$share/rcz00/psa/RemoteServices/from/cid/+/Horn",
        "$share/rcz00/psa/RemoteServices/from/uid/+/Doors",
        "$share/rcz00/psa/RemoteServices/from/cid/+/Doors",
        "$share/rcz00/psa/RemoteServices/from/uid/+/Lights",
        "$share/rcz00/psa/RemoteServices/from/cid/+/Lights",
        "$share/rcz00/psa/RemoteServices/from/uid/+/VehicleState",
        "$share/rcz00/psa/RemoteServices/from/cid/+/VehicleState",
        "$share/rcz00/psa/Stolen/from/uid/+/VehicleState",
        "$share/rcz00/psa/RemoteServices/from/uid/+/RequestState",
        "$share/rcz00/psa/RemoteServices/from/cid/+/RequestState",
        "$share/rcz00/psa/RemoteServices/from/uin/+/RemoteAlarm",
        "$share/rcz00/psa/RemoteServices/to/uid/mdercz00/RemoteAlarm",
        "$share/rcz00/psa/RemoteServices/from/uin/+/MotionAlert",
        "$share/rcz00/psa/Stolen/from/uid/+/StolenVIN",
        "$share/rcz00/psa/Stolen/from/uid/+/Tracking",
        "$share/rcz00/psa/Stolen/from/uid/+/Immobilization",
        "$share/rcz00/psa/Stolen/from/uin/+/ImmoData",
        "$share/rcz00/psa/RemoteServices/from/uid/+/VehCharge",
        "$share/rcz00/psa/RemoteServices/from/cid/+/VehCharge",
        "$share/rcz00/psa/RemoteServices/from/uid/+/VehCharge/state",
        "$share/rcz00/psa/RemoteServices/from/cid/+/VehCharge/state",
        "$share/rcz00/psa/RemoteServices/from/uid/+/ThermalPrecond",
        "$share/rcz00/psa/RemoteServices/from/cid/+/ThermalPrecond",
        "$share/rcz00/psa/RemoteServices/from/uin/+/ServiceState",
        "$share/rcz00/psa/RemoteServices/from/uid/+/LowPowerInfo",
        "$share/rcz00/psa/RemoteServices/from/cid/+/LowPowerInfo",
        "$share/rcz00/psa/Stolen/from/uid/+/LowPowerInfo",
        "$share/rcz00/psa/VehicleTracking/from/#",
        "$share/rcz00/psa/Stolen/from/uin/+/Response",
        "$share/rcz00/psa/RemoteServices/from/uin/+/Response",
        "$share/rcz00/psa/RemoteServices/from/uin/+/VehInfo",
        "$share/rcz00/psa/RemoteServices/from/uin/+/LowPowerInfo",
        "$SYS/LOG/INFO/CLIENT/+/CLIENT_CLIENT_CONNECT_MQTT/#",
        "$SYS/LOG/INFO/CLIENT/+/CLIENT_CLIENT_DISCONNECT_MQTT/#"
      ],
      "connected": false,
      "reconnectionInterval": 5,
      "keepAliveInterval": 60,
      "cleanSession": true,
      "mqttVersion": 0,
      "connectionTimeout": 30,
      "poolCoreSize": 4,
      "poolMaxSize": 4,
      "poolQueueSize": 500,
      "poolKeepAlive": 60
    }
  ],
  "instance02": [
    {
      "serverURIs": [
        "tcp://10.204.200.97:1883"
      ],
      "topics": [
        "$share/rcz00/psa/RemoteServices/from/uid/+/Horn",
        "$share/rcz00/psa/RemoteServices/from/cid/+/Horn",
        "$share/rcz00/psa/RemoteServices/from/uid/+/Doors",
        "$share/rcz00/psa/RemoteServices/from/cid/+/Doors",
        "$share/rcz00/psa/RemoteServices/from/uid/+/Lights",
        "$share/rcz00/psa/RemoteServices/from/cid/+/Lights",
        "$share/rcz00/psa/RemoteServices/from/uid/+/VehicleState",
        "$share/rcz00/psa/RemoteServices/from/cid/+/VehicleState",
        "$share/rcz00/psa/Stolen/from/uid/+/VehicleState",
        "$share/rcz00/psa/RemoteServices/from/uid/+/RequestState",
        "$share/rcz00/psa/RemoteServices/from/cid/+/RequestState",
        "$share/rcz00/psa/RemoteServices/from/uin/+/RemoteAlarm",
        "$share/rcz00/psa/RemoteServices/to/uid/mdercz00/RemoteAlarm",
        "$share/rcz00/psa/RemoteServices/from/uin/+/MotionAlert",
        "$share/rcz00/psa/Stolen/from/uid/+/StolenVIN",
        "$share/rcz00/psa/Stolen/from/uid/+/Tracking",
        "$share/rcz00/psa/Stolen/from/uid/+/Immobilization",
        "$share/rcz00/psa/Stolen/from/uin/+/ImmoData",
        "$share/rcz00/psa/RemoteServices/from/uid/+/VehCharge",
        "$share/rcz00/psa/RemoteServices/from/cid/+/VehCharge",
        "$share/rcz00/psa/RemoteServices/from/uid/+/VehCharge/state",
        "$share/rcz00/psa/RemoteServices/from/cid/+/VehCharge/state",
        "$share/rcz00/psa/RemoteServices/from/uid/+/ThermalPrecond",
        "$share/rcz00/psa/RemoteServices/from/cid/+/ThermalPrecond",
        "$share/rcz00/psa/RemoteServices/from/uin/+/ServiceState",
        "$share/rcz00/psa/RemoteServices/from/uid/+/LowPowerInfo",
        "$share/rcz00/psa/RemoteServices/from/cid/+/LowPowerInfo",
        "$share/rcz00/psa/Stolen/from/uid/+/LowPowerInfo",
        "$share/rcz00/psa/VehicleTracking/from/#",
        "$share/rcz00/psa/Stolen/from/uin/+/Response",
        "$share/rcz00/psa/RemoteServices/from/uin/+/Response",
        "$share/rcz00/psa/RemoteServices/from/uin/+/VehInfo",
        "$share/rcz00/psa/RemoteServices/from/uin/+/LowPowerInfo",
        "$SYS/LOG/INFO/CLIENT/+/CLIENT_CLIENT_CONNECT_MQTT/#",
        "$SYS/LOG/INFO/CLIENT/+/CLIENT_CLIENT_DISCONNECT_MQTT/#"
      ],
      "connected": true,
      "reconnectionInterval": 5,
      "keepAliveInterval": 60,
      "cleanSession": true,
      "mqttVersion": 0,
      "connectionTimeout": 30,
      "poolCoreSize": 4,
      "poolMaxSize": 4,
      "poolQueueSize": 500,
      "poolKeepAlive": 60
    },
    {
      "serverURIs": [
        "tcp://10.204.200.97:1883"
      ],
      "topics": [
        "$share/rcz00/psa/RemoteServices/from/uid/+/Horn",
        "$share/rcz00/psa/RemoteServices/from/cid/+/Horn",
        "$share/rcz00/psa/RemoteServices/from/uid/+/Doors",
        "$share/rcz00/psa/RemoteServices/from/cid/+/Doors",
        "$share/rcz00/psa/RemoteServices/from/uid/+/Lights",
        "$share/rcz00/psa/RemoteServices/from/cid/+/Lights",
        "$share/rcz00/psa/RemoteServices/from/uid/+/VehicleState",
        "$share/rcz00/psa/RemoteServices/from/cid/+/VehicleState",
        "$share/rcz00/psa/Stolen/from/uid/+/VehicleState",
        "$share/rcz00/psa/RemoteServices/from/uid/+/RequestState",
        "$share/rcz00/psa/RemoteServices/from/cid/+/RequestState",
        "$share/rcz00/psa/RemoteServices/from/uin/+/RemoteAlarm",
        "$share/rcz00/psa/RemoteServices/to/uid/mdercz00/RemoteAlarm",
        "$share/rcz00/psa/RemoteServices/from/uin/+/MotionAlert",
        "$share/rcz00/psa/Stolen/from/uid/+/StolenVIN",
        "$share/rcz00/psa/Stolen/from/uid/+/Tracking",
        "$share/rcz00/psa/Stolen/from/uid/+/Immobilization",
        "$share/rcz00/psa/Stolen/from/uin/+/ImmoData",
        "$share/rcz00/psa/RemoteServices/from/uid/+/VehCharge",
        "$share/rcz00/psa/RemoteServices/from/cid/+/VehCharge",
        "$share/rcz00/psa/RemoteServices/from/uid/+/VehCharge/state",
        "$share/rcz00/psa/RemoteServices/from/cid/+/VehCharge/state",
        "$share/rcz00/psa/RemoteServices/from/uid/+/ThermalPrecond",
        "$share/rcz00/psa/RemoteServices/from/cid/+/ThermalPrecond",
        "$share/rcz00/psa/RemoteServices/from/uin/+/ServiceState",
        "$share/rcz00/psa/RemoteServices/from/uid/+/LowPowerInfo",
        "$share/rcz00/psa/RemoteServices/from/cid/+/LowPowerInfo",
        "$share/rcz00/psa/Stolen/from/uid/+/LowPowerInfo",
        "$share/rcz00/psa/VehicleTracking/from/#",
        "$share/rcz00/psa/Stolen/from/uin/+/Response",
        "$share/rcz00/psa/RemoteServices/from/uin/+/Response",
        "$share/rcz00/psa/RemoteServices/from/uin/+/VehInfo",
        "$share/rcz00/psa/RemoteServices/from/uin/+/LowPowerInfo",
        "$SYS/LOG/INFO/CLIENT/+/CLIENT_CLIENT_CONNECT_MQTT/#",
        "$SYS/LOG/INFO/CLIENT/+/CLIENT_CLIENT_DISCONNECT_MQTT/#"
      ],
      "connected": false,
      "reconnectionInterval": 5,
      "keepAliveInterval": 60,
      "cleanSession": true,
      "mqttVersion": 0,
      "connectionTimeout": 30,
      "poolCoreSize": 4,
      "poolMaxSize": 4,
      "poolQueueSize": 500,
      "poolKeepAlive": 60
    },
    {
      "serverURIs": [
        "tcp://10.204.200.97:1883"
      ],
      "topics": [
        "$share/rcz00/psa/RemoteServices/from/uid/+/Horn",
        "$share/rcz00/psa/RemoteServices/from/cid/+/Horn",
        "$share/rcz00/psa/RemoteServices/from/uid/+/Doors",
        "$share/rcz00/psa/RemoteServices/from/cid/+/Doors",
        "$share/rcz00/psa/RemoteServices/from/uid/+/Lights",
        "$share/rcz00/psa/RemoteServices/from/cid/+/Lights",
        "$share/rcz00/psa/RemoteServices/from/uid/+/VehicleState",
        "$share/rcz00/psa/RemoteServices/from/cid/+/VehicleState",
        "$share/rcz00/psa/Stolen/from/uid/+/VehicleState",
        "$share/rcz00/psa/RemoteServices/from/uid/+/RequestState",
        "$share/rcz00/psa/RemoteServices/from/cid/+/RequestState",
        "$share/rcz00/psa/RemoteServices/from/uin/+/RemoteAlarm",
        "$share/rcz00/psa/RemoteServices/to/uid/mdercz00/RemoteAlarm",
        "$share/rcz00/psa/RemoteServices/from/uin/+/MotionAlert",
        "$share/rcz00/psa/Stolen/from/uid/+/StolenVIN",
        "$share/rcz00/psa/Stolen/from/uid/+/Tracking",
        "$share/rcz00/psa/Stolen/from/uid/+/Immobilization",
        "$share/rcz00/psa/Stolen/from/uin/+/ImmoData",
        "$share/rcz00/psa/RemoteServices/from/uid/+/VehCharge",
        "$share/rcz00/psa/RemoteServices/from/cid/+/VehCharge",
        "$share/rcz00/psa/RemoteServices/from/uid/+/VehCharge/state",
        "$share/rcz00/psa/RemoteServices/from/cid/+/VehCharge/state",
        "$share/rcz00/psa/RemoteServices/from/uid/+/ThermalPrecond",
        "$share/rcz00/psa/RemoteServices/from/cid/+/ThermalPrecond",
        "$share/rcz00/psa/RemoteServices/from/uin/+/ServiceState",
        "$share/rcz00/psa/RemoteServices/from/uid/+/LowPowerInfo",
        "$share/rcz00/psa/RemoteServices/from/cid/+/LowPowerInfo",
        "$share/rcz00/psa/Stolen/from/uid/+/LowPowerInfo",
        "$share/rcz00/psa/VehicleTracking/from/#",
        "$share/rcz00/psa/Stolen/from/uin/+/Response",
        "$share/rcz00/psa/RemoteServices/from/uin/+/Response",
        "$share/rcz00/psa/RemoteServices/from/uin/+/VehInfo",
        "$share/rcz00/psa/RemoteServices/from/uin/+/LowPowerInfo",
        "$SYS/LOG/INFO/CLIENT/+/CLIENT_CLIENT_CONNECT_MQTT/#",
        "$SYS/LOG/INFO/CLIENT/+/CLIENT_CLIENT_DISCONNECT_MQTT/#"
      ],
      "connected": true,
      "reconnectionInterval": 5,
      "keepAliveInterval": 60,
      "cleanSession": true,
      "mqttVersion": 0,
      "connectionTimeout": 30,
      "poolCoreSize": 4,
      "poolMaxSize": 4,
      "poolQueueSize": 500,
      "poolKeepAlive": 60
    },
    {
      "serverURIs": [
        "tcp://10.204.200.97:1883"
      ],
      "topics": [
        "$share/rcz00/psa/RemoteServices/from/uid/+/Horn",
        "$share/rcz00/psa/RemoteServices/from/cid/+/Horn",
        "$share/rcz00/psa/RemoteServices/from/uid/+/Doors",
        "$share/rcz00/psa/RemoteServices/from/cid/+/Doors",
        "$share/rcz00/psa/RemoteServices/from/uid/+/Lights",
        "$share/rcz00/psa/RemoteServices/from/cid/+/Lights",
        "$share/rcz00/psa/RemoteServices/from/uid/+/VehicleState",
        "$share/rcz00/psa/RemoteServices/from/cid/+/VehicleState",
        "$share/rcz00/psa/Stolen/from/uid/+/VehicleState",
        "$share/rcz00/psa/RemoteServices/from/uid/+/RequestState",
        "$share/rcz00/psa/RemoteServices/from/cid/+/RequestState",
        "$share/rcz00/psa/RemoteServices/from/uin/+/RemoteAlarm",
        "$share/rcz00/psa/RemoteServices/to/uid/mdercz00/RemoteAlarm",
        "$share/rcz00/psa/RemoteServices/from/uin/+/MotionAlert",
        "$share/rcz00/psa/Stolen/from/uid/+/StolenVIN",
        "$share/rcz00/psa/Stolen/from/uid/+/Tracking",
        "$share/rcz00/psa/Stolen/from/uid/+/Immobilization",
        "$share/rcz00/psa/Stolen/from/uin/+/ImmoData",
        "$share/rcz00/psa/RemoteServices/from/uid/+/VehCharge",
        "$share/rcz00/psa/RemoteServices/from/cid/+/VehCharge",
        "$share/rcz00/psa/RemoteServices/from/uid/+/VehCharge/state",
        "$share/rcz00/psa/RemoteServices/from/cid/+/VehCharge/state",
        "$share/rcz00/psa/RemoteServices/from/uid/+/ThermalPrecond",
        "$share/rcz00/psa/RemoteServices/from/cid/+/ThermalPrecond",
        "$share/rcz00/psa/RemoteServices/from/uin/+/ServiceState",
        "$share/rcz00/psa/RemoteServices/from/uid/+/LowPowerInfo",
        "$share/rcz00/psa/RemoteServices/from/cid/+/LowPowerInfo",
        "$share/rcz00/psa/Stolen/from/uid/+/LowPowerInfo",
        "$share/rcz00/psa/VehicleTracking/from/#",
        "$share/rcz00/psa/Stolen/from/uin/+/Response",
        "$share/rcz00/psa/RemoteServices/from/uin/+/Response",
        "$share/rcz00/psa/RemoteServices/from/uin/+/VehInfo",
        "$share/rcz00/psa/RemoteServices/from/uin/+/LowPowerInfo",
        "$SYS/LOG/INFO/CLIENT/+/CLIENT_CLIENT_CONNECT_MQTT/#",
        "$SYS/LOG/INFO/CLIENT/+/CLIENT_CLIENT_DISCONNECT_MQTT/#"
      ],
      "connected": false,
      "reconnectionInterval": 5,
      "keepAliveInterval": 60,
      "cleanSession": true,
      "mqttVersion": 0,
      "connectionTimeout": 30,
      "poolCoreSize": 4,
      "poolMaxSize": 4,
      "poolQueueSize": 500,
      "poolKeepAlive": 60
    },
    {
      "serverURIs": [
        "tcp://10.204.200.97:1883"
      ],
      "topics": [
        "$share/rcz00/psa/RemoteServices/from/uid/+/Horn",
        "$share/rcz00/psa/RemoteServices/from/cid/+/Horn",
        "$share/rcz00/psa/RemoteServices/from/uid/+/Doors",
        "$share/rcz00/psa/RemoteServices/from/cid/+/Doors",
        "$share/rcz00/psa/RemoteServices/from/uid/+/Lights",
        "$share/rcz00/psa/RemoteServices/from/cid/+/Lights",
        "$share/rcz00/psa/RemoteServices/from/uid/+/VehicleState",
        "$share/rcz00/psa/RemoteServices/from/cid/+/VehicleState",
        "$share/rcz00/psa/Stolen/from/uid/+/VehicleState",
        "$share/rcz00/psa/RemoteServices/from/uid/+/RequestState",
        "$share/rcz00/psa/RemoteServices/from/cid/+/RequestState",
        "$share/rcz00/psa/RemoteServices/from/uin/+/RemoteAlarm",
        "$share/rcz00/psa/RemoteServices/to/uid/mdercz00/RemoteAlarm",
        "$share/rcz00/psa/RemoteServices/from/uin/+/MotionAlert",
        "$share/rcz00/psa/Stolen/from/uid/+/StolenVIN",
        "$share/rcz00/psa/Stolen/from/uid/+/Tracking",
        "$share/rcz00/psa/Stolen/from/uid/+/Immobilization",
        "$share/rcz00/psa/Stolen/from/uin/+/ImmoData",
        "$share/rcz00/psa/RemoteServices/from/uid/+/VehCharge",
        "$share/rcz00/psa/RemoteServices/from/cid/+/VehCharge",
        "$share/rcz00/psa/RemoteServices/from/uid/+/VehCharge/state",
        "$share/rcz00/psa/RemoteServices/from/cid/+/VehCharge/state",
        "$share/rcz00/psa/RemoteServices/from/uid/+/ThermalPrecond",
        "$share/rcz00/psa/RemoteServices/from/cid/+/ThermalPrecond",
        "$share/rcz00/psa/RemoteServices/from/uin/+/ServiceState",
        "$share/rcz00/psa/RemoteServices/from/uid/+/LowPowerInfo",
        "$share/rcz00/psa/RemoteServices/from/cid/+/LowPowerInfo",
        "$share/rcz00/psa/Stolen/from/uid/+/LowPowerInfo",
        "$share/rcz00/psa/VehicleTracking/from/#",
        "$share/rcz00/psa/Stolen/from/uin/+/Response",
        "$share/rcz00/psa/RemoteServices/from/uin/+/Response",
        "$share/rcz00/psa/RemoteServices/from/uin/+/VehInfo",
        "$share/rcz00/psa/RemoteServices/from/uin/+/LowPowerInfo",
        "$SYS/LOG/INFO/CLIENT/+/CLIENT_CLIENT_CONNECT_MQTT/#",
        "$SYS/LOG/INFO/CLIENT/+/CLIENT_CLIENT_DISCONNECT_MQTT/#"
      ],
      "connected": true,
      "reconnectionInterval": 5,
      "keepAliveInterval": 60,
      "cleanSession": true,
      "mqttVersion": 0,
      "connectionTimeout": 30,
      "poolCoreSize": 4,
      "poolMaxSize": 4,
      "poolQueueSize": 500,
      "poolKeepAlive": 60
    },
    {
      "serverURIs": [
        "tcp://10.204.200.97:1883"
      ],
      "topics": [
        "$share/rcz00/psa/RemoteServices/from/uid/+/Horn",
        "$share/rcz00/psa/RemoteServices/from/cid/+/Horn",
        "$share/rcz00/psa/RemoteServices/from/uid/+/Doors",
        "$share/rcz00/psa/RemoteServices/from/cid/+/Doors",
        "$share/rcz00/psa/RemoteServices/from/uid/+/Lights",
        "$share/rcz00/psa/RemoteServices/from/cid/+/Lights",
        "$share/rcz00/psa/RemoteServices/from/uid/+/VehicleState",
        "$share/rcz00/psa/RemoteServices/from/cid/+/VehicleState",
        "$share/rcz00/psa/Stolen/from/uid/+/VehicleState",
        "$share/rcz00/psa/RemoteServices/from/uid/+/RequestState",
        "$share/rcz00/psa/RemoteServices/from/cid/+/RequestState",
        "$share/rcz00/psa/RemoteServices/from/uin/+/RemoteAlarm",
        "$share/rcz00/psa/RemoteServices/to/uid/mdercz00/RemoteAlarm",
        "$share/rcz00/psa/RemoteServices/from/uin/+/MotionAlert",
        "$share/rcz00/psa/Stolen/from/uid/+/StolenVIN",
        "$share/rcz00/psa/Stolen/from/uid/+/Tracking",
        "$share/rcz00/psa/Stolen/from/uid/+/Immobilization",
        "$share/rcz00/psa/Stolen/from/uin/+/ImmoData",
        "$share/rcz00/psa/RemoteServices/from/uid/+/VehCharge",
        "$share/rcz00/psa/RemoteServices/from/cid/+/VehCharge",
        "$share/rcz00/psa/RemoteServices/from/uid/+/VehCharge/state",
        "$share/rcz00/psa/RemoteServices/from/cid/+/VehCharge/state",
        "$share/rcz00/psa/RemoteServices/from/uid/+/ThermalPrecond",
        "$share/rcz00/psa/RemoteServices/from/cid/+/ThermalPrecond",
        "$share/rcz00/psa/RemoteServices/from/uin/+/ServiceState",
        "$share/rcz00/psa/RemoteServices/from/uid/+/LowPowerInfo",
        "$share/rcz00/psa/RemoteServices/from/cid/+/LowPowerInfo",
        "$share/rcz00/psa/Stolen/from/uid/+/LowPowerInfo",
        "$share/rcz00/psa/VehicleTracking/from/#",
        "$share/rcz00/psa/Stolen/from/uin/+/Response",
        "$share/rcz00/psa/RemoteServices/from/uin/+/Response",
        "$share/rcz00/psa/RemoteServices/from/uin/+/VehInfo",
        "$share/rcz00/psa/RemoteServices/from/uin/+/LowPowerInfo",
        "$SYS/LOG/INFO/CLIENT/+/CLIENT_CLIENT_CONNECT_MQTT/#",
        "$SYS/LOG/INFO/CLIENT/+/CLIENT_CLIENT_DISCONNECT_MQTT/#"
      ],
      "connected": false,
      "reconnectionInterval": 5,
      "keepAliveInterval": 60,
      "cleanSession": true,
      "mqttVersion": 0,
      "connectionTimeout": 30,
      "poolCoreSize": 4,
      "poolMaxSize": 4,
      "poolQueueSize": 500,
      "poolKeepAlive": 60
    }
  ],
  "instance03": [
    {
      "serverURIs": [
        "tcp://10.204.200.97:1883"
      ],
      "topics": [
        "$share/rcz00/psa/RemoteServices/from/uid/+/Horn",
        "$share/rcz00/psa/RemoteServices/from/cid/+/Horn",
        "$share/rcz00/psa/RemoteServices/from/uid/+/Doors",
        "$share/rcz00/psa/RemoteServices/from/cid/+/Doors",
        "$share/rcz00/psa/RemoteServices/from/uid/+/Lights",
        "$share/rcz00/psa/RemoteServices/from/cid/+/Lights",
        "$share/rcz00/psa/RemoteServices/from/uid/+/VehicleState",
        "$share/rcz00/psa/RemoteServices/from/cid/+/VehicleState",
        "$share/rcz00/psa/Stolen/from/uid/+/VehicleState",
        "$share/rcz00/psa/RemoteServices/from/uid/+/RequestState",
        "$share/rcz00/psa/RemoteServices/from/cid/+/RequestState",
        "$share/rcz00/psa/RemoteServices/from/uin/+/RemoteAlarm",
        "$share/rcz00/psa/RemoteServices/to/uid/mdercz00/RemoteAlarm",
        "$share/rcz00/psa/RemoteServices/from/uin/+/MotionAlert",
        "$share/rcz00/psa/Stolen/from/uid/+/StolenVIN",
        "$share/rcz00/psa/Stolen/from/uid/+/Tracking",
        "$share/rcz00/psa/Stolen/from/uid/+/Immobilization",
        "$share/rcz00/psa/Stolen/from/uin/+/ImmoData",
        "$share/rcz00/psa/RemoteServices/from/uid/+/VehCharge",
        "$share/rcz00/psa/RemoteServices/from/cid/+/VehCharge",
        "$share/rcz00/psa/RemoteServices/from/uid/+/VehCharge/state",
        "$share/rcz00/psa/RemoteServices/from/cid/+/VehCharge/state",
        "$share/rcz00/psa/RemoteServices/from/uid/+/ThermalPrecond",
        "$share/rcz00/psa/RemoteServices/from/cid/+/ThermalPrecond",
        "$share/rcz00/psa/RemoteServices/from/uin/+/ServiceState",
        "$share/rcz00/psa/RemoteServices/from/uid/+/LowPowerInfo",
        "$share/rcz00/psa/RemoteServices/from/cid/+/LowPowerInfo",
        "$share/rcz00/psa/Stolen/from/uid/+/LowPowerInfo",
        "$share/rcz00/psa/VehicleTracking/from/#",
        "$share/rcz00/psa/Stolen/from/uin/+/Response",
        "$share/rcz00/psa/RemoteServices/from/uin/+/Response",
        "$share/rcz00/psa/RemoteServices/from/uin/+/VehInfo",
        "$share/rcz00/psa/RemoteServices/from/uin/+/LowPowerInfo",
        "$SYS/LOG/INFO/CLIENT/+/CLIENT_CLIENT_CONNECT_MQTT/#",
        "$SYS/LOG/INFO/CLIENT/+/CLIENT_CLIENT_DISCONNECT_MQTT/#"
      ],
      "connected": true,
      "reconnectionInterval": 5,
      "keepAliveInterval": 60,
      "cleanSession": true,
      "mqttVersion": 0,
      "connectionTimeout": 30,
      "poolCoreSize": 4,
      "poolMaxSize": 4,
      "poolQueueSize": 500,
      "poolKeepAlive": 60
    },
    {
      "serverURIs": [
        "tcp://10.204.200.97:1883"
      ],
      "topics": [
        "$share/rcz00/psa/RemoteServices/from/uid/+/Horn",
        "$share/rcz00/psa/RemoteServices/from/cid/+/Horn",
        "$share/rcz00/psa/RemoteServices/from/uid/+/Doors",
        "$share/rcz00/psa/RemoteServices/from/cid/+/Doors",
        "$share/rcz00/psa/RemoteServices/from/uid/+/Lights",
        "$share/rcz00/psa/RemoteServices/from/cid/+/Lights",
        "$share/rcz00/psa/RemoteServices/from/uid/+/VehicleState",
        "$share/rcz00/psa/RemoteServices/from/cid/+/VehicleState",
        "$share/rcz00/psa/Stolen/from/uid/+/VehicleState",
        "$share/rcz00/psa/RemoteServices/from/uid/+/RequestState",
        "$share/rcz00/psa/RemoteServices/from/cid/+/RequestState",
        "$share/rcz00/psa/RemoteServices/from/uin/+/RemoteAlarm",
        "$share/rcz00/psa/RemoteServices/to/uid/mdercz00/RemoteAlarm",
        "$share/rcz00/psa/RemoteServices/from/uin/+/MotionAlert",
        "$share/rcz00/psa/Stolen/from/uid/+/StolenVIN",
        "$share/rcz00/psa/Stolen/from/uid/+/Tracking",
        "$share/rcz00/psa/Stolen/from/uid/+/Immobilization",
        "$share/rcz00/psa/Stolen/from/uin/+/ImmoData",
        "$share/rcz00/psa/RemoteServices/from/uid/+/VehCharge",
        "$share/rcz00/psa/RemoteServices/from/cid/+/VehCharge",
        "$share/rcz00/psa/RemoteServices/from/uid/+/VehCharge/state",
        "$share/rcz00/psa/RemoteServices/from/cid/+/VehCharge/state",
        "$share/rcz00/psa/RemoteServices/from/uid/+/ThermalPrecond",
        "$share/rcz00/psa/RemoteServices/from/cid/+/ThermalPrecond",
        "$share/rcz00/psa/RemoteServices/from/uin/+/ServiceState",
        "$share/rcz00/psa/RemoteServices/from/uid/+/LowPowerInfo",
        "$share/rcz00/psa/RemoteServices/from/cid/+/LowPowerInfo",
        "$share/rcz00/psa/Stolen/from/uid/+/LowPowerInfo",
        "$share/rcz00/psa/VehicleTracking/from/#",
        "$share/rcz00/psa/Stolen/from/uin/+/Response",
        "$share/rcz00/psa/RemoteServices/from/uin/+/Response",
        "$share/rcz00/psa/RemoteServices/from/uin/+/VehInfo",
        "$share/rcz00/psa/RemoteServices/from/uin/+/LowPowerInfo",
        "$SYS/LOG/INFO/CLIENT/+/CLIENT_CLIENT_CONNECT_MQTT/#",
        "$SYS/LOG/INFO/CLIENT/+/CLIENT_CLIENT_DISCONNECT_MQTT/#"
      ],
      "connected": true,
      "reconnectionInterval": 5,
      "keepAliveInterval": 60,
      "cleanSession": true,
      "mqttVersion": 0,
      "connectionTimeout": 30,
      "poolCoreSize": 4,
      "poolMaxSize": 4,
      "poolQueueSize": 500,
      "poolKeepAlive": 60
    },
    {
      "serverURIs": [
        "tcp://10.204.200.97:1883"
      ],
      "topics": [
        "$share/rcz00/psa/RemoteServices/from/uid/+/Horn",
        "$share/rcz00/psa/RemoteServices/from/cid/+/Horn",
        "$share/rcz00/psa/RemoteServices/from/uid/+/Doors",
        "$share/rcz00/psa/RemoteServices/from/cid/+/Doors",
        "$share/rcz00/psa/RemoteServices/from/uid/+/Lights",
        "$share/rcz00/psa/RemoteServices/from/cid/+/Lights",
        "$share/rcz00/psa/RemoteServices/from/uid/+/VehicleState",
        "$share/rcz00/psa/RemoteServices/from/cid/+/VehicleState",
        "$share/rcz00/psa/Stolen/from/uid/+/VehicleState",
        "$share/rcz00/psa/RemoteServices/from/uid/+/RequestState",
        "$share/rcz00/psa/RemoteServices/from/cid/+/RequestState",
        "$share/rcz00/psa/RemoteServices/from/uin/+/RemoteAlarm",
        "$share/rcz00/psa/RemoteServices/to/uid/mdercz00/RemoteAlarm",
        "$share/rcz00/psa/RemoteServices/from/uin/+/MotionAlert",
        "$share/rcz00/psa/Stolen/from/uid/+/StolenVIN",
        "$share/rcz00/psa/Stolen/from/uid/+/Tracking",
        "$share/rcz00/psa/Stolen/from/uid/+/Immobilization",
        "$share/rcz00/psa/Stolen/from/uin/+/ImmoData",
        "$share/rcz00/psa/RemoteServices/from/uid/+/VehCharge",
        "$share/rcz00/psa/RemoteServices/from/cid/+/VehCharge",
        "$share/rcz00/psa/RemoteServices/from/uid/+/VehCharge/state",
        "$share/rcz00/psa/RemoteServices/from/cid/+/VehCharge/state",
        "$share/rcz00/psa/RemoteServices/from/uid/+/ThermalPrecond",
        "$share/rcz00/psa/RemoteServices/from/cid/+/ThermalPrecond",
        "$share/rcz00/psa/RemoteServices/from/uin/+/ServiceState",
        "$share/rcz00/psa/RemoteServices/from/uid/+/LowPowerInfo",
        "$share/rcz00/psa/RemoteServices/from/cid/+/LowPowerInfo",
        "$share/rcz00/psa/Stolen/from/uid/+/LowPowerInfo",
        "$share/rcz00/psa/VehicleTracking/from/#",
        "$share/rcz00/psa/Stolen/from/uin/+/Response",
        "$share/rcz00/psa/RemoteServices/from/uin/+/Response",
        "$share/rcz00/psa/RemoteServices/from/uin/+/VehInfo",
        "$share/rcz00/psa/RemoteServices/from/uin/+/LowPowerInfo",
        "$SYS/LOG/INFO/CLIENT/+/CLIENT_CLIENT_CONNECT_MQTT/#",
        "$SYS/LOG/INFO/CLIENT/+/CLIENT_CLIENT_DISCONNECT_MQTT/#"
      ],
      "connected": false,
      "reconnectionInterval": 5,
      "keepAliveInterval": 60,
      "cleanSession": true,
      "mqttVersion": 0,
      "connectionTimeout": 30,
      "poolCoreSize": 4,
      "poolMaxSize": 4,
      "poolQueueSize": 500,
      "poolKeepAlive": 60
    },
    {
      "serverURIs": [
        "tcp://10.204.200.97:1883"
      ],
      "topics": [
        "$share/rcz00/psa/RemoteServices/from/uid/+/Horn",
        "$share/rcz00/psa/RemoteServices/from/cid/+/Horn",
        "$share/rcz00/psa/RemoteServices/from/uid/+/Doors",
        "$share/rcz00/psa/RemoteServices/from/cid/+/Doors",
        "$share/rcz00/psa/RemoteServices/from/uid/+/Lights",
        "$share/rcz00/psa/RemoteServices/from/cid/+/Lights",
        "$share/rcz00/psa/RemoteServices/from/uid/+/VehicleState",
        "$share/rcz00/psa/RemoteServices/from/cid/+/VehicleState",
        "$share/rcz00/psa/Stolen/from/uid/+/VehicleState",
        "$share/rcz00/psa/RemoteServices/from/uid/+/RequestState",
        "$share/rcz00/psa/RemoteServices/from/cid/+/RequestState",
        "$share/rcz00/psa/RemoteServices/from/uin/+/RemoteAlarm",
        "$share/rcz00/psa/RemoteServices/to/uid/mdercz00/RemoteAlarm",
        "$share/rcz00/psa/RemoteServices/from/uin/+/MotionAlert",
        "$share/rcz00/psa/Stolen/from/uid/+/StolenVIN",
        "$share/rcz00/psa/Stolen/from/uid/+/Tracking",
        "$share/rcz00/psa/Stolen/from/uid/+/Immobilization",
        "$share/rcz00/psa/Stolen/from/uin/+/ImmoData",
        "$share/rcz00/psa/RemoteServices/from/uid/+/VehCharge",
        "$share/rcz00/psa/RemoteServices/from/cid/+/VehCharge",
        "$share/rcz00/psa/RemoteServices/from/uid/+/VehCharge/state",
        "$share/rcz00/psa/RemoteServices/from/cid/+/VehCharge/state",
        "$share/rcz00/psa/RemoteServices/from/uid/+/ThermalPrecond",
        "$share/rcz00/psa/RemoteServices/from/cid/+/ThermalPrecond",
        "$share/rcz00/psa/RemoteServices/from/uin/+/ServiceState",
        "$share/rcz00/psa/RemoteServices/from/uid/+/LowPowerInfo",
        "$share/rcz00/psa/RemoteServices/from/cid/+/LowPowerInfo",
        "$share/rcz00/psa/Stolen/from/uid/+/LowPowerInfo",
        "$share/rcz00/psa/VehicleTracking/from/#",
        "$share/rcz00/psa/Stolen/from/uin/+/Response",
        "$share/rcz00/psa/RemoteServices/from/uin/+/Response",
        "$share/rcz00/psa/RemoteServices/from/uin/+/VehInfo",
        "$share/rcz00/psa/RemoteServices/from/uin/+/LowPowerInfo",
        "$SYS/LOG/INFO/CLIENT/+/CLIENT_CLIENT_CONNECT_MQTT/#",
        "$SYS/LOG/INFO/CLIENT/+/CLIENT_CLIENT_DISCONNECT_MQTT/#"
      ],
      "connected": true,
      "reconnectionInterval": 5,
      "keepAliveInterval": 60,
      "cleanSession": true,
      "mqttVersion": 0,
      "connectionTimeout": 30,
      "poolCoreSize": 4,
      "poolMaxSize": 4,
      "poolQueueSize": 500,
      "poolKeepAlive": 60
    },
    {
      "serverURIs": [
        "tcp://10.204.200.97:1883"
      ],
      "topics": [
        "$share/rcz00/psa/RemoteServices/from/uid/+/Horn",
        "$share/rcz00/psa/RemoteServices/from/cid/+/Horn",
        "$share/rcz00/psa/RemoteServices/from/uid/+/Doors",
        "$share/rcz00/psa/RemoteServices/from/cid/+/Doors",
        "$share/rcz00/psa/RemoteServices/from/uid/+/Lights",
        "$share/rcz00/psa/RemoteServices/from/cid/+/Lights",
        "$share/rcz00/psa/RemoteServices/from/uid/+/VehicleState",
        "$share/rcz00/psa/RemoteServices/from/cid/+/VehicleState",
        "$share/rcz00/psa/Stolen/from/uid/+/VehicleState",
        "$share/rcz00/psa/RemoteServices/from/uid/+/RequestState",
        "$share/rcz00/psa/RemoteServices/from/cid/+/RequestState",
        "$share/rcz00/psa/RemoteServices/from/uin/+/RemoteAlarm",
        "$share/rcz00/psa/RemoteServices/to/uid/mdercz00/RemoteAlarm",
        "$share/rcz00/psa/RemoteServices/from/uin/+/MotionAlert",
        "$share/rcz00/psa/Stolen/from/uid/+/StolenVIN",
        "$share/rcz00/psa/Stolen/from/uid/+/Tracking",
        "$share/rcz00/psa/Stolen/from/uid/+/Immobilization",
        "$share/rcz00/psa/Stolen/from/uin/+/ImmoData",
        "$share/rcz00/psa/RemoteServices/from/uid/+/VehCharge",
        "$share/rcz00/psa/RemoteServices/from/cid/+/VehCharge",
        "$share/rcz00/psa/RemoteServices/from/uid/+/VehCharge/state",
        "$share/rcz00/psa/RemoteServices/from/cid/+/VehCharge/state",
        "$share/rcz00/psa/RemoteServices/from/uid/+/ThermalPrecond",
        "$share/rcz00/psa/RemoteServices/from/cid/+/ThermalPrecond",
        "$share/rcz00/psa/RemoteServices/from/uin/+/ServiceState",
        "$share/rcz00/psa/RemoteServices/from/uid/+/LowPowerInfo",
        "$share/rcz00/psa/RemoteServices/from/cid/+/LowPowerInfo",
        "$share/rcz00/psa/Stolen/from/uid/+/LowPowerInfo",
        "$share/rcz00/psa/VehicleTracking/from/#",
        "$share/rcz00/psa/Stolen/from/uin/+/Response",
        "$share/rcz00/psa/RemoteServices/from/uin/+/Response",
        "$share/rcz00/psa/RemoteServices/from/uin/+/VehInfo",
        "$share/rcz00/psa/RemoteServices/from/uin/+/LowPowerInfo",
        "$SYS/LOG/INFO/CLIENT/+/CLIENT_CLIENT_CONNECT_MQTT/#",
        "$SYS/LOG/INFO/CLIENT/+/CLIENT_CLIENT_DISCONNECT_MQTT/#"
      ],
      "connected": false,
      "reconnectionInterval": 5,
      "keepAliveInterval": 60,
      "cleanSession": true,
      "mqttVersion": 0,
      "connectionTimeout": 30,
      "poolCoreSize": 4,
      "poolMaxSize": 4,
      "poolQueueSize": 500,
      "poolKeepAlive": 60
    },
    {
      "serverURIs": [
        "tcp://10.204.200.97:1883"
      ],
      "topics": [
        "$share/rcz00/psa/RemoteServices/from/uid/+/Horn",
        "$share/rcz00/psa/RemoteServices/from/cid/+/Horn",
        "$share/rcz00/psa/RemoteServices/from/uid/+/Doors",
        "$share/rcz00/psa/RemoteServices/from/cid/+/Doors",
        "$share/rcz00/psa/RemoteServices/from/uid/+/Lights",
        "$share/rcz00/psa/RemoteServices/from/cid/+/Lights",
        "$share/rcz00/psa/RemoteServices/from/uid/+/VehicleState",
        "$share/rcz00/psa/RemoteServices/from/cid/+/VehicleState",
        "$share/rcz00/psa/Stolen/from/uid/+/VehicleState",
        "$share/rcz00/psa/RemoteServices/from/uid/+/RequestState",
        "$share/rcz00/psa/RemoteServices/from/cid/+/RequestState",
        "$share/rcz00/psa/RemoteServices/from/uin/+/RemoteAlarm",
        "$share/rcz00/psa/RemoteServices/to/uid/mdercz00/RemoteAlarm",
        "$share/rcz00/psa/RemoteServices/from/uin/+/MotionAlert",
        "$share/rcz00/psa/Stolen/from/uid/+/StolenVIN",
        "$share/rcz00/psa/Stolen/from/uid/+/Tracking",
        "$share/rcz00/psa/Stolen/from/uid/+/Immobilization",
        "$share/rcz00/psa/Stolen/from/uin/+/ImmoData",
        "$share/rcz00/psa/RemoteServices/from/uid/+/VehCharge",
        "$share/rcz00/psa/RemoteServices/from/cid/+/VehCharge",
        "$share/rcz00/psa/RemoteServices/from/uid/+/VehCharge/state",
        "$share/rcz00/psa/RemoteServices/from/cid/+/VehCharge/state",
        "$share/rcz00/psa/RemoteServices/from/uid/+/ThermalPrecond",
        "$share/rcz00/psa/RemoteServices/from/cid/+/ThermalPrecond",
        "$share/rcz00/psa/RemoteServices/from/uin/+/ServiceState",
        "$share/rcz00/psa/RemoteServices/from/uid/+/LowPowerInfo",
        "$share/rcz00/psa/RemoteServices/from/cid/+/LowPowerInfo",
        "$share/rcz00/psa/Stolen/from/uid/+/LowPowerInfo",
        "$share/rcz00/psa/VehicleTracking/from/#",
        "$share/rcz00/psa/Stolen/from/uin/+/Response",
        "$share/rcz00/psa/RemoteServices/from/uin/+/Response",
        "$share/rcz00/psa/RemoteServices/from/uin/+/VehInfo",
        "$share/rcz00/psa/RemoteServices/from/uin/+/LowPowerInfo",
        "$SYS/LOG/INFO/CLIENT/+/CLIENT_CLIENT_CONNECT_MQTT/#",
        "$SYS/LOG/INFO/CLIENT/+/CLIENT_CLIENT_DISCONNECT_MQTT/#"
      ],
      "connected": true,
      "reconnectionInterval": 5,
      "keepAliveInterval": 60,
      "cleanSession": true,
      "mqttVersion": 0,
      "connectionTimeout": 30,
      "poolCoreSize": 4,
      "poolMaxSize": 4,
      "poolQueueSize": 500,
      "poolKeepAlive": 60
    },
    {
      "serverURIs": [
        "tcp://10.204.200.97:1883"
      ],
      "topics": [
        "$share/rcz00/psa/RemoteServices/from/uid/+/Horn",
        "$share/rcz00/psa/RemoteServices/from/cid/+/Horn",
        "$share/rcz00/psa/RemoteServices/from/uid/+/Doors",
        "$share/rcz00/psa/RemoteServices/from/cid/+/Doors",
        "$share/rcz00/psa/RemoteServices/from/uid/+/Lights",
        "$share/rcz00/psa/RemoteServices/from/cid/+/Lights",
        "$share/rcz00/psa/RemoteServices/from/uid/+/VehicleState",
        "$share/rcz00/psa/RemoteServices/from/cid/+/VehicleState",
        "$share/rcz00/psa/Stolen/from/uid/+/VehicleState",
        "$share/rcz00/psa/RemoteServices/from/uid/+/RequestState",
        "$share/rcz00/psa/RemoteServices/from/cid/+/RequestState",
        "$share/rcz00/psa/RemoteServices/from/uin/+/RemoteAlarm",
        "$share/rcz00/psa/RemoteServices/to/uid/mdercz00/RemoteAlarm",
        "$share/rcz00/psa/RemoteServices/from/uin/+/MotionAlert",
        "$share/rcz00/psa/Stolen/from/uid/+/StolenVIN",
        "$share/rcz00/psa/Stolen/from/uid/+/Tracking",
        "$share/rcz00/psa/Stolen/from/uid/+/Immobilization",
        "$share/rcz00/psa/Stolen/from/uin/+/ImmoData",
        "$share/rcz00/psa/RemoteServices/from/uid/+/VehCharge",
        "$share/rcz00/psa/RemoteServices/from/cid/+/VehCharge",
        "$share/rcz00/psa/RemoteServices/from/uid/+/VehCharge/state",
        "$share/rcz00/psa/RemoteServices/from/cid/+/VehCharge/state",
        "$share/rcz00/psa/RemoteServices/from/uid/+/ThermalPrecond",
        "$share/rcz00/psa/RemoteServices/from/cid/+/ThermalPrecond",
        "$share/rcz00/psa/RemoteServices/from/uin/+/ServiceState",
        "$share/rcz00/psa/RemoteServices/from/uid/+/LowPowerInfo",
        "$share/rcz00/psa/RemoteServices/from/cid/+/LowPowerInfo",
        "$share/rcz00/psa/Stolen/from/uid/+/LowPowerInfo",
        "$share/rcz00/psa/VehicleTracking/from/#",
        "$share/rcz00/psa/Stolen/from/uin/+/Response",
        "$share/rcz00/psa/RemoteServices/from/uin/+/Response",
        "$share/rcz00/psa/RemoteServices/from/uin/+/VehInfo",
        "$share/rcz00/psa/RemoteServices/from/uin/+/LowPowerInfo",
        "$SYS/LOG/INFO/CLIENT/+/CLIENT_CLIENT_CONNECT_MQTT/#",
        "$SYS/LOG/INFO/CLIENT/+/CLIENT_CLIENT_DISCONNECT_MQTT/#"
      ],
      "connected": false,
      "reconnectionInterval": 5,
      "keepAliveInterval": 60,
      "cleanSession": true,
      "mqttVersion": 0,
      "connectionTimeout": 30,
      "poolCoreSize": 4,
      "poolMaxSize": 4,
      "poolQueueSize": 500,
      "poolKeepAlive": 60
    }
  ]
}