<?xml version="1.0" encoding="UTF-8"?>
<configuration scan="true" scanPeriod="60 seconds">

    <property name="LOG_HOME" value="C:/logs"/>

    <appender name="MAIN_APPENDER" class="ch.qos.logback.core.rolling.RollingFileAppender">
        <file>${LOG_HOME}/carbide-web.log</file>
        <encoder class="ch.qos.logback.classic.encoder.PatternLayoutEncoder">
            <Pattern>%d{HH:mm:ss.SSS} %.-1level %msg%n</Pattern>
        </encoder>
        <rollingPolicy class="ch.qos.logback.core.rolling.TimeBasedRollingPolicy">
            <fileNamePattern>${LOG_HOME}/%d{yyyy-MM-dd}.carbide-web.log</fileNamePattern>
            <maxHistory>5</maxHistory>
            <maxFileSize>150MB</maxFileSize>
        </rollingPolicy>
    </appender>

    <appender name="STDOUT" class="ch.qos.logback.core.ConsoleAppender">
        <encoder class="ch.qos.logback.classic.encoder.PatternLayoutEncoder">
            <Pattern>%d{HH:mm:ss.SSS} %.-1level %msg%n</Pattern>
        </encoder>
    </appender>

    <!--CARBIDE-->
    <logger name="com.inetpsa.carbide" additivity="false" level="debug">
        <appender-ref ref="STDOUT"/>
        <appender-ref ref="MAIN_APPENDER"/>
    </logger>
    <logger name="com.inetpsa.carbide.decoder" additivity="false" level="debug">
        <appender-ref ref="STDOUT"/>
        <appender-ref ref="MAIN_APPENDER"/>
    </logger>
    <logger name="com.inetpsa.carbide.serializer" additivity="false" level="debug">
        <appender-ref ref="STDOUT"/>
        <appender-ref ref="MAIN_APPENDER"/>
    </logger>

    <!--SEED-->
    <logger name="org.seedstack" additivity="false" level="info">
        <appender-ref ref="STDOUT"/>
    </logger>

    <!--DEFAULT-->
    <root level="info">
        <appender-ref ref="STDOUT"/>
        <appender-ref ref="MAIN_APPENDER"/>
    </root>

</configuration>
