<?xml version="1.0" encoding="UTF-8"?>
<configuration>

    <property name="LOG_HOME" value="/opt/etc/logs"/>
    <variable name="INSTANCE" value="${INSTANCE}" />

    <appender name="LOG_TECH" class="ch.qos.logback.core.rolling.RollingFileAppender">
        <file>${LOG_HOME}/rcz_technical-${INSTANCE}.log</file>
        <encoder class="ch.qos.logback.classic.encoder.PatternLayoutEncoder">
            <Pattern>%d{yyyy-MM-dd HH:mm:ss} [%thread] %-5level %logger{36}:%L - %msg%n</Pattern>
        </encoder>

        <rollingPolicy class="ch.qos.logback.core.rolling.TimeBasedRollingPolicy">
            <fileNamePattern>${LOG_HOME}/%d{yyyy-MM-dd}.rcz_technical-${INSTANCE}.log.gz</fileNamePattern>
            <maxHistory>20</maxHistory>
        </rollingPolicy>
    </appender>

    <appender name="LOG_APP" class="ch.qos.logback.core.rolling.RollingFileAppender">
        <file>${LOG_HOME}/rcz_application-${INSTANCE}.log</file>
        <encoder class="ch.qos.logback.classic.encoder.PatternLayoutEncoder">
            <Pattern>%d{yyyy-MM-dd HH:mm:ss} [%thread] %-5level %logger{36}:%L - %msg%n</Pattern>
        </encoder>

        <rollingPolicy class="ch.qos.logback.core.rolling.TimeBasedRollingPolicy">
            <fileNamePattern>${LOG_HOME}/%d{yyyy-MM-dd}.rcz_application-${INSTANCE}.log.gz</fileNamePattern>
            <maxHistory>20</maxHistory>
        </rollingPolicy>
    </appender>

    <appender name="APPLICATION_STDOUT" class="ch.qos.logback.core.ConsoleAppender">
        <encoder>
            <pattern>%d{HH:mm:ss.SSS} [%thread] %-5level %logger{36} - [APPLICATION] - [${INSTANCE}] - %msg%n</pattern>
        </encoder>
    </appender>

    <appender name="TECHNICAL_STDOUT" class="ch.qos.logback.core.ConsoleAppender">
        <encoder>
            <pattern>%d{HH:mm:ss.SSS} [%thread] %-5level %logger{36} - [TECHNICAL] - [${INSTANCE}] - %msg%n</pattern>
        </encoder>
    </appender>

    <!--RCZ-->
    <logger name="com.inetpsa.rcz" additivity="false" level="ERROR">
        <appender-ref ref="LOG_TECH"/>
        <appender-ref ref="TECHNICAL_STDOUT"/>
    </logger>

    <logger name="com.inetpsa.rcz.infrastructure.slf4j.Slf4jLogger" additivity="false"
            level="ERROR">
        <appender-ref ref="LOG_APP"/>
        <appender-ref ref="APPLICATION_STDOUT"/>
    </logger>

    <!--HIBERNATE-->
    <logger name="org.hibernate" additivity="false" level="ERROR">
        <appender-ref ref="LOG_TECH"/>
        <appender-ref ref="TECHNICAL_STDOUT"/>
    </logger>
    <logger name="org.hibernate.tool.hbm2ddl" additivity="false"
            level="ERROR">
        <appender-ref ref="LOG_TECH"/>
        <appender-ref ref="TECHNICAL_STDOUT"/>
    </logger>
    <logger name="org.hibernate.SQL" additivity="false" level="ERROR">
        <appender-ref ref="LOG_TECH"/>
        <appender-ref ref="TECHNICAL_STDOUT"/>
    </logger>
    <logger name="org.hibernate.type" additivity="false" level="ERROR">
        <appender-ref ref="LOG_TECH"/>
        <appender-ref ref="TECHNICAL_STDOUT"/>
    </logger>

    <!--SEED-->
    <logger name="org.seedstack" additivity="false" level="ERROR">
        <appender-ref ref="LOG_TECH"/>
        <appender-ref ref="TECHNICAL_STDOUT"/>
    </logger>
    <logger name="io.nuun.kernel" additivity="false" level="ERROR">
        <appender-ref ref="LOG_TECH"/>
        <appender-ref ref="TECHNICAL_STDOUT"/>
    </logger>

    <!--QUARTZ-->
    <logger name="org.quartz" additivity="false" level="ERROR">
        <appender-ref ref="LOG_TECH"/>
        <appender-ref ref="TECHNICAL_STDOUT"/>
    </logger>

    <!--IBM-->
    <logger name="com.ibm" additivity="false" level="ERROR">
        <appender-ref ref="LOG_TECH"/>
        <appender-ref ref="TECHNICAL_STDOUT"/>
        <appender-ref ref="APPLICATION_STDOUT"/>
    </logger>

    <!--DEFAULT-->
    <root level="INFO">
        <appender-ref ref="LOG_TECH"/>
        <appender-ref ref="TECHNICAL_STDOUT"/>
    </root>

</configuration>
